"Sales Representative","Total Revenue","Transactions","Average Achievement %"
"James Smith","80353.0","2","0.9091"
"Lisa Williams","75731.0","2","0.9808"
"Matthew Johnson","64237.0","2","0.9808"
"Michael Scott","62553.0","2","0.9808"
"Michael Miller","61582.0","2","0.9808"
"Jonathan Brown","59917.0","2","1.0101"
"Ian Rangel","49986.0","1","0.8333"
"Cathy Hooper","49962.0","1","0.9091"
"Lisa Friedman","49897.0","1","0.9091"
"Ariel Brown","49864.0","1","1.1111"
"Sean Duncan","49839.0","1","0.9091"
"Michael Mosley","49778.0","1","0.9091"
"James Gonzalez","49772.0","1","0.9091"
"Colin Watson","49748.0","1","0.9091"
"Jodi Lowe","49694.0","1","0.9091"
"Kenneth Jones","49691.0","1","1.1111"
"Kevin Sanford","49653.0","1","0.8333"
"Rebecca Jackson","49601.0","1","1.1111"
"Gloria Curry","49562.0","1","0.9091"
"James Fuller","49452.0","1","0.9091"
"Madison Butler","49397.0","1","1.1111"
"Brittney Gonzales","49381.0","1","1.0526"
"Shelby Johnson","49311.0","1","0.9091"
"Jeffery Tran","49294.0","1","0.8333"
"Nathaniel Williams","49285.0","1","0.9091"
"Miss Sara Hamilton","49229.0","1","0.9091"
"Corey Walsh","49128.0","1","0.9091"
"Katrina Reid","49043.0","1","0.9091"
"Anthony Zimmerman","48959.0","1","0.9091"
"Audrey Pennington","48883.0","1","0.9091"
"Jackie Wagner","48717.0","1","0.9091"
"Tami Robles","48715.0","1","0.9091"
"Jennifer Clark","48696.0","1","0.9091"
"Stephanie Williams","48645.0","1","1.0526"
"Alicia Howard","48563.0","1","0.8333"
"Dale Wright","48538.0","1","0.9091"
"Robert Scott","48490.0","1","1.0526"
"Brian Beasley","48415.0","1","0.9091"
"Yvette Miller","48316.0","1","0.8333"
"Ricky Garner","48204.0","1","0.8333"
"Kevin Johnson","48131.0","1","0.9091"
"Jermaine Lowe","48095.0","1","0.9091"
"Christie Brown","48016.0","1","1.0526"
"Sharon Weiss","47958.0","1","0.9091"
"Katrina Horn","47912.0","1","0.9091"
"Vanessa Watson","47873.0","1","0.8333"
"Gregory Wright","47839.0","1","0.9091"
"Tracy Erickson","47811.0","1","0.9091"
"Richard Wilson","47774.0","1","1.1111"
"Christopher Stephenson","47763.0","1","1.1111"
"Crystal Keller","47682.0","1","1.1111"
"Steven Knox","47553.0","1","0.8333"
"Amanda Garcia","47317.0","1","0.9091"
"Ashley White","47265.0","1","0.9091"
"Amy Adams","47220.0","1","0.8333"
"Taylor Villa","47213.0","1","1.1111"
"David Bell","46966.0","1","0.8333"
"Joshua Phillips","46906.0","1","0.9091"
"Stephanie Davis","46620.0","1","0.9091"
"Jacob Spencer","46616.0","1","0.9091"
"Leah Miller","46602.0","1","1.0526"
"Angelica Hensley","46578.0","1","0.9091"
"Barbara Kim","46470.0","1","1.1111"
"Kimberly Lopez","46460.0","1","0.9091"
"Brian Sanchez","46407.0","1","0.9091"
"Cynthia Thomas","46398.0","1","0.9091"
"Heather Simmons","46392.0","1","0.9091"
"Charles Ellis","46351.0","1","1.0526"
"Travis Goodman","46343.0","1","0.8333"
"Hannah Long","46339.0","1","1.1111"
"Annette Snyder","46316.0","1","1.0526"
"Amy Mitchell","46285.0","1","1.0526"
"Shannon French","46219.0","1","1.1111"
"Mary Hanson","46219.0","1","1.1111"
"Emily Wright","45953.0","1","1.0526"
"Kimberly Hill","45926.0","1","1.1111"
"Jade Collins","45903.0","1","1.0526"
"Savannah Howard","45896.0","1","1.1111"
"Michael Palmer","45857.0","1","1.0526"
"Hannah Wright","45836.0","1","0.9091"
"Cathy Gonzalez","45767.0","1","0.8333"
"Mark Reed","45750.0","1","0.9091"
"Gabriella West","45734.0","1","0.9091"
"Jacob Bennett","45719.0","1","0.9091"
"Michael Orr","45689.0","1","1.0526"
"Cody Williams","45637.0","1","1.1111"
"Mr. Michael Taylor","45608.0","1","0.9091"
"Robert Jones","45468.0","1","1.1111"
"Brendan Harrington","45452.0","1","1.1111"
"Jeffrey Moore","45203.0","1","1.0526"
"Erica Adams","45168.0","1","0.8333"
"Brian Little","45151.0","1","0.9091"
"Caitlyn Juarez","45096.0","1","0.9091"
"Patrick Hunt","45080.0","1","1.1111"
"Michael Freeman","45058.0","1","0.8333"
"Erica Bass","44954.0","1","1.1111"
"William Blackburn","44930.0","1","1.1111"
"Raymond Scott","44885.0","1","0.9091"
"Corey Weaver","44797.0","1","0.8333"
"Alicia Castillo","44778.0","1","1.0526"
"Scott Williams","44610.0","1","0.8333"
"Isabel Whitaker","44592.0","1","1.0526"
"Robert Becker","44423.0","1","1.0526"
"Sabrina Barnett MD","44406.0","1","0.8333"
"Olivia Smith","44378.0","1","1.1111"
"Alexis Davis","44347.0","1","1.0526"
"Tiffany Lewis","44230.0","1","1.0526"
"Angela Freeman","44173.0","1","0.8333"
"Stacey Jordan","44138.0","1","1.1111"
"Ryan Taylor","44121.0","1","1.0526"
"Timothy Frank","44042.0","1","0.8333"
"Susan Hernandez","43833.0","1","0.9091"
"Allison Duran","43749.0","1","1.1111"
"Paul Gilbert","43643.0","1","1.1111"
"Brent Kemp","43589.0","1","1.0526"
"Todd Ortiz","43574.0","1","0.8333"
"Melissa Rodriguez","43524.0","1","0.9091"
"Geoffrey Elliott","43409.0","1","0.8333"
"Mark Johnston","43406.0","1","1.1111"
"Dennis Wilson","43392.0","1","1.1111"
"Darren Allen","43294.0","1","1.1111"
"Taylor Barnes","43256.0","1","1.1111"
"Janet Fritz","43247.0","1","1.1111"
"Christine Garcia","43230.0","1","1.0526"
"Craig Reyes","43213.0","1","0.8333"
"Marvin Wu","43198.0","1","1.0526"
"Angela Pierce","43131.0","1","1.0526"
"Bradley Pennington","43114.0","1","0.8333"
"Wayne Roy","43091.0","1","1.1111"
"Kelly Berry","43046.0","1","0.9091"
"Jay Tate","43000.0","1","1.0526"
"Jason Hernandez","42968.0","1","1.0526"
"Bonnie Thompson","42915.0","1","1.0526"
"Donna Peters","42870.0","1","0.8333"
"Kimberly Stewart","42794.0","1","0.8333"
"Melissa Fisher","42746.0","1","0.9091"
"Nancy Woods","42709.0","1","0.8333"
"Michael Hodges","42700.0","1","0.9091"
"Lisa Berry","42692.0","1","0.9091"
"Claire Henry","42665.0","1","0.9091"
"Victoria Maldonado","42644.0","1","1.1111"
"Carrie Reese","42637.0","1","0.8333"
"Bobby Price","42632.0","1","1.1111"
"Joshua Jackson","42571.0","1","0.8333"
"Austin Bowen","42567.0","1","0.9091"
"Adam Jones","42507.0","1","0.9091"
"Anna Griffin","42504.0","1","0.9091"
"Joseph Johnson","42474.0","1","1.0526"
"Angela Gibson","42438.0","1","0.8333"
"Don Brown","42407.0","1","0.9091"
"Gary Grant","42397.0","1","1.0526"
"Angela Castro","42394.0","1","0.9091"
"James Elliott","42355.0","1","0.9091"
"Linda Brown","42268.0","1","1.0526"
"Thomas Miller","42087.0","1","0.8333"
"Heather Dawson","42076.0","1","1.1111"
"Mr. Austin Park","41916.0","1","0.9091"
"Danny Acevedo","41888.0","1","0.8333"
"Stephanie Collins","41781.0","1","1.0526"
"Daniel Moore","41761.0","1","0.9091"
"Sarah Gallagher","41727.0","1","1.0526"
"Christina Lopez","41604.0","1","0.8333"
"Michael Knight","41599.0","1","0.9091"
"Jason Brooks","41566.0","1","1.1111"
"Danny Porter","41492.0","1","0.9091"
"Gregory Ross","41442.0","1","0.9091"
"Kristina Simpson","41356.0","1","0.9091"
"Paul Gibson","41330.0","1","0.9091"
"Crystal Goodman","41328.0","1","0.9091"
"John Serrano","41305.0","1","0.9091"
"Courtney Shelton","41272.0","1","1.1111"
"Charles Rice","41269.0","1","0.8333"
"Kevin Patterson","41256.0","1","1.0526"
"Corey Wong","41228.0","1","0.9091"
"Cynthia Phillips","41156.0","1","0.8333"
"Jodi Reed","41152.0","1","0.8333"
"Russell Wong","41051.0","1","1.0526"
"Jennifer Marsh","40997.0","1","0.8333"
"Andre Skinner","40972.0","1","0.9091"
"Luis Wood","40962.0","1","0.9091"
"Ms. Alexis Robertson","40961.0","1","1.0526"
"Javier Gonzales DDS","40903.0","1","0.9091"
"April Parker","40850.0","1","1.0526"
"Linda Miller","40843.0","1","1.0526"
"Eric Wolf","40826.0","1","0.9091"
"Cheryl Campbell","40809.0","1","0.9091"
"Scott Jones","40754.0","1","1.1111"
"Joseph Harris","40658.0","1","1.1111"
"Jerry Michael","40651.0","1","0.9091"
"Daniel Flores","40612.0","1","0.9091"
"Paige Watkins","40609.0","1","1.0526"
"Mark Martin","40605.0","1","1.1111"
"Patrick Valenzuela","40588.0","1","0.8333"
"Maurice Mcintosh","40553.0","1","0.9091"
"Alvin Rios","40553.0","1","0.9091"
"Cassandra Diaz","40547.0","1","1.1111"
"Christopher Clayton","40534.0","1","0.9091"
"Wendy Cowan","40529.0","1","1.1111"
"Gary Lucas","40432.0","1","0.9091"
"Kimberly Rice","40381.0","1","0.8333"
"Kelly Wolf","40096.0","1","0.8333"
"Monique Morton","40085.0","1","0.8333"
"Stacey Collins","40033.0","1","0.8333"
"Joseph Gregory","39963.0","1","0.8333"
"Erik Silva","39952.0","1","0.9091"
"Wendy Baker","39898.0","1","0.9091"
"Leslie Cruz","39816.0","1","0.9091"
"Monica Brown","39809.0","1","1.0526"
"Emily Turner","39757.0","1","1.1111"
"Charles White","39729.0","1","0.9091"
"John Ramirez","39611.0","1","0.9091"
"Kimberly Blackburn","39524.0","1","0.9091"
"Anita Morgan","39477.0","1","0.8333"
"Erica Patterson","39318.0","1","0.8333"
"Isaac Moore","39307.0","1","0.9091"
"Richard Benton","39296.0","1","1.1111"
"Dr. Mary Alexander","39240.0","1","1.1111"
"Gary Moon","39197.0","1","0.9091"
"George Reyes","39173.0","1","0.9091"
"Joseph Smith","39119.0","1","0.8333"
"Sarah Burnett","39113.0","1","0.9091"
"Joseph Howard","39016.0","1","0.9091"
"Lauren Gutierrez","39012.0","1","1.1111"
"Taylor Williams","38994.0","1","0.9091"
"Gregory Krause","38948.0","1","1.0526"
"Karen Garcia","38835.0","1","0.9091"
"Megan Ingram","38835.0","1","0.8333"
"Dawn Le","38824.0","1","0.9091"
"Sandra Murray","38821.0","1","0.9091"
"Wyatt Norris","38657.0","1","1.1111"
"Ashley Johnson","38634.0","1","1.0526"
"Paul Brown","38483.0","1","1.1111"
"Carol Sullivan","38415.0","1","0.9091"
"Matthew Jones","38392.0","1","0.8333"
"Alison Santos DDS","38388.0","1","0.8333"
"Jennifer Nelson","38333.0","1","0.9091"
"Raymond Diaz","38320.0","1","0.9091"
"Sarah Whitney","38304.0","1","0.9091"
"Jake Cook","38185.0","1","0.9091"
"Michael Burch","38134.0","1","0.8333"
"Monique Cruz","38068.0","1","0.8333"
"Amanda Adams","37982.0","1","1.1111"
"Colleen Proctor","37974.0","1","1.0526"
"Frank Lara","37893.0","1","0.9091"
"Lindsay Obrien","37875.0","1","0.9091"
"Margaret Davies","37828.0","1","1.1111"
"Jimmy Cox","37823.0","1","1.1111"
"Anna Page","37749.0","1","0.9091"
"Michael Williams","37740.0","1","0.9091"
"Allen Cortez","37726.0","1","1.0526"
"Sara Hill","37724.0","1","0.9091"
"Jennifer Gonzales","37678.0","1","0.8333"
"Chris Wise","37678.0","1","1.0526"
"Lindsey Shepherd","37654.0","1","1.1111"
"John Fowler","37610.0","1","0.9091"
"Justin Hamilton","37594.0","1","0.8333"
"Jason Taylor","37526.0","1","0.9091"
"Joshua Spencer","37525.0","1","1.0526"
"Rebecca Lawrence","37523.0","1","0.9091"
"Maria Proctor","37493.0","1","0.8333"
"Monica Ruiz MD","37464.0","1","1.0526"
"Troy Kennedy","37393.0","1","0.8333"
"Matthew Medina","37383.0","1","0.8333"
"Teresa Taylor","37320.0","1","0.8333"
"Raymond Aguirre","37255.0","1","1.1111"
"Haley Maldonado","37249.0","1","0.8333"
"Emily Scott","37244.0","1","1.1111"
"Jerry Hanson","37206.0","1","0.8333"
"Brandon Cooper","37133.0","1","0.9091"
"Brendan Garza","37132.0","1","0.9091"
"Gary Valencia","37074.0","1","1.0526"
"Margaret Duncan","37032.0","1","0.9091"
"Kevin Clark","37020.0","1","1.0526"
"Patricia Mclean","37018.0","1","0.8333"
"Christopher Sutton","36990.0","1","0.9091"
"Molly Adams","36979.0","1","0.8333"
"Sean Butler","36872.0","1","0.8333"
"Brandy Henderson","36835.0","1","1.1111"
"Robert Graham","36720.0","1","1.0526"
"Anthony King","36660.0","1","0.8333"
"Lisa Cordova","36616.0","1","1.1111"
"Katherine Doyle","36531.0","1","0.8333"
"Daniel Kelly","36514.0","1","0.9091"
"Douglas Rodriguez","36459.0","1","0.9091"
"Shawn Delgado DVM","36442.0","1","0.8333"
"Tara Harris","36377.0","1","0.9091"
"Todd Lewis","36260.0","1","0.9091"
"William Ford","36217.0","1","0.9091"
"James Haley","36153.0","1","0.9091"
"Travis Norton","36009.0","1","1.1111"
"Bonnie Mason","35974.0","1","0.9091"
"Samuel Peterson","35945.0","1","1.1111"
"Brenda Stewart","35920.0","1","0.9091"
"Joyce Travis","35872.0","1","0.9091"
"Teresa Lewis","35865.0","1","0.9091"
"Rachel Robinson","35859.0","1","0.9091"
"Rachel Donaldson","35849.0","1","0.8333"
"Darryl Rivera","35793.0","1","0.8333"
"Cynthia Aguirre","35744.0","1","0.9091"
"Wendy Shepherd","35739.0","1","1.0526"
"Jeremy Mcdaniel","35677.0","1","0.9091"
"Cynthia Cook","35645.0","1","0.9091"
"Miss Debbie Willis","35619.0","1","0.9091"
"Tammy Dunlap","35523.0","1","0.8333"
"Chad Lewis","35477.0","1","0.9091"
"Erika Reed","35441.0","1","0.9091"
"Lindsay Hall","35398.0","1","0.9091"
"Ernest Mcgrath","35394.0","1","0.9091"
"Katelyn Fields","35390.0","1","1.0526"
"Thomas Davis","35389.0","1","1.0526"
"Megan Graves","35271.0","1","0.8333"
"Sheila Coleman","35258.0","1","0.8333"
"Rachel White","35184.0","1","0.8333"
"Justin Montgomery","35133.0","1","1.1111"
"Joshua Johnson","35098.0","1","0.9091"
"Richard Mendoza","35093.0","1","1.1111"
"Elizabeth Powell","35016.0","1","0.9091"
"Stacey Hart","34972.0","1","0.9091"
"Timothy Gray","34947.0","1","0.9091"
"Brian Cole","34888.0","1","0.9091"
"Thomas Chapman","34649.0","1","0.8333"
"Shelly Ball","34645.0","1","0.9091"
"Darrell Parsons","34603.0","1","0.9091"
"James Gutierrez","34565.0","1","0.9091"
"Paul Smith","34522.0","1","0.9091"
"Rebecca Baker","34365.0","1","0.9091"
"Robert Gomez","34258.0","1","0.8333"
"Jessica Andrews","34127.0","1","0.9091"
"Heather Adams","34115.0","1","1.0526"
"Brian Williams","34028.0","1","1.1111"
"Kevin Morrow","34019.0","1","0.8333"
"Kathy Ward","33935.0","1","0.9091"
"Tyler Brown","33931.0","1","0.9091"
"Richard Stewart","33904.0","1","1.1111"
"Hector Silva","33901.0","1","0.8333"
"Katherine George","33824.0","1","0.8333"
"Michael Roberson","33795.0","1","0.9091"
"James Ryan","33794.0","1","1.0526"
"John Davila","33782.0","1","1.0526"
"Christopher Jones","33741.0","1","0.8333"
"Travis Gonzalez","33706.0","1","0.8333"
"Daniel Newton","33631.0","1","1.0526"
"Arthur Henry","33627.0","1","1.1111"
"Jennifer Oconnell","33505.0","1","0.9091"
"Sara Sullivan","33459.0","1","0.8333"
"Miranda Price","33441.0","1","0.9091"
"Tina Hernandez","33405.0","1","0.9091"
"Michelle Abbott","33259.0","1","0.9091"
"David Johnson","33170.0","1","0.9091"
"Lori Cole","33167.0","1","1.0526"
"Julia Stevens","33113.0","1","1.0526"
"Kathy Garza","33103.0","1","1.0526"
"Zachary Dyer","33093.0","1","0.8333"
"Kevin Boyle","33005.0","1","0.9091"
"Miss Elizabeth Evans","33004.0","1","0.9091"
"Jessica Morris","33003.0","1","1.0526"
"Michael Ortiz","32910.0","1","0.8333"
"Annette Bartlett","32893.0","1","0.8333"
"Andre Bauer","32835.0","1","0.8333"
"Barbara Baldwin","32819.0","1","0.9091"
"Elizabeth Mcdaniel","32783.0","1","1.1111"
"Danny Bernard","32754.0","1","1.1111"
"Carmen Bailey","32650.0","1","0.8333"
"Bryan Erickson","32636.0","1","0.9091"
"Ryan Thompson","32615.0","1","0.9091"
"Christopher Wilson","32593.0","1","1.0526"
"Terri Floyd","32496.0","1","0.9091"
"Terri Hernandez","32484.0","1","1.1111"
"Stephen Reed","32484.0","1","1.1111"
"Adam Cox","32469.0","1","1.1111"
"James Glenn","32408.0","1","1.0526"
"Kristopher Martinez","32388.0","1","0.9091"
"Rebecca Harrison","32355.0","1","0.8333"
"Shirley Hawkins","32272.0","1","0.9091"
"Paul Morgan","32269.0","1","0.9091"
"Thomas Mitchell","32258.0","1","0.8333"
"Melissa Kennedy","32204.0","1","0.9091"
"Phyllis Robertson","32199.0","1","0.9091"
"Brandi King","32152.0","1","0.9091"
"Michael Solis","32047.0","1","0.9091"
"Samuel Ortiz","31985.0","1","0.9091"
"Daniel Bryant","31956.0","1","1.0526"
"Andrea Reese","31902.0","1","0.9091"
"Meagan Braun","31891.0","1","0.9091"
"Kimberly Murphy","31716.0","1","1.0526"
"Stephen Day DDS","31678.0","1","0.9091"
"Timothy Ruiz","31641.0","1","1.1111"
"Lisa Cobb","31617.0","1","1.0526"
"Patricia Herrera","31546.0","1","0.9091"
"Marissa Adams","31302.0","1","0.9091"
"Seth Jenkins","31240.0","1","0.9091"
"Patricia Gonzales","31204.0","1","0.9091"
"Kimberly Hudson","30997.0","1","0.9091"
"Maria Moore","30983.0","1","1.1111"
"Jessica Webster","30905.0","1","0.8333"
"Roberto Bryant","30863.0","1","0.9091"
"Lauren Taylor","30821.0","1","0.9091"
"Dr. Guy Mcguire","30785.0","1","1.1111"
"James Mccarty","30761.0","1","0.8333"
"Tiffany Lucas","30738.0","1","1.1111"
"Cindy White","30738.0","1","1.1111"
"Eric Boyd","30721.0","1","1.1111"
"Joshua Gomez","30714.0","1","1.1111"
"Michael Saunders","30681.0","1","1.0526"
"Willie Horn","30640.0","1","0.9091"
"Alexander Maynard","30615.0","1","0.9091"
"Jasmine Frank","30566.0","1","0.8333"
"Sara Gillespie","30473.0","1","1.0526"
"Jessica Nelson","30435.0","1","1.1111"
"Robert Lucas","30409.0","1","1.1111"
"Edgar Hughes","30359.0","1","0.9091"
"Suzanne Hopkins DVM","30322.0","1","1.0526"
"Dustin Stephenson","30313.0","1","0.9091"
"Tyrone Doyle","30246.0","1","0.8333"
"Edward Silva","30214.0","1","0.8333"
"Travis Floyd","30194.0","1","0.8333"
"Amanda Anderson","30188.0","1","0.8333"
"Matthew Glover","30159.0","1","0.9091"
"Mark Newman","30089.0","1","0.9091"
"Anna Ford","30051.0","1","0.9091"
"Travis Carrillo","30051.0","1","1.0526"
"Heather Butler","30037.0","1","1.0526"
"Gregg Yu","29993.0","1","1.1111"
"Lauren Gilbert","29966.0","1","0.9091"
"Brian Greer","29950.0","1","0.9091"
"Margaret Patel","29949.0","1","1.1111"
"Richard Edwards","29932.0","1","0.8333"
"Angel Gonzalez","29754.0","1","0.8333"
"Michael Robinson","29744.0","1","0.9091"
"Darryl Nicholson","29700.0","1","1.0526"
"Brenda Bauer","29695.0","1","0.9091"
"Gabriel Lowe","29645.0","1","0.9091"
"Austin Martinez","29546.0","1","0.9091"
"Victoria Miller","29529.0","1","0.8333"
"Michael Wiley","29505.0","1","0.8333"
"Anthony Gutierrez","29491.0","1","1.1111"
"Patricia Wilson","29393.0","1","0.9091"
"Richard Matthews","29359.0","1","0.9091"
"Laurie Price","29324.0","1","0.8333"
"William Wolf MD","29315.0","1","1.1111"
"Rachel Allen","29314.0","1","0.8333"
"Travis Mason","29230.0","1","0.8333"
"Lisa Powell","29112.0","1","1.0526"
"Cynthia Ross","29077.0","1","0.8333"
"Phillip Turner","29056.0","1","1.0526"
"Dr. Michael Ortiz","29042.0","1","0.8333"
"James White","29008.0","1","0.9091"
"Joyce Lopez","28974.0","1","0.9091"
"Nichole Orozco","28963.0","1","1.1111"
"Miguel Harrell","28942.0","1","0.9091"
"William Foley","28938.0","1","0.9091"
"Brittany Knight","28930.0","1","0.8333"
"Michael Romero","28766.0","1","1.1111"
"Paul Valdez","28677.0","1","1.1111"
"Daniel Alexander","28594.0","1","0.9091"
"Daniel Murillo","28574.0","1","0.8333"
"Crystal Lawrence","28543.0","1","1.1111"
"Keith Allen","28539.0","1","0.8333"
"Robert Cline","28471.0","1","0.9091"
"Allison Alvarado","28440.0","1","1.1111"
"Brian Barnes","28423.0","1","0.9091"
"Ernest Moyer","28361.0","1","0.9091"
"Nicole Jones","28351.0","1","1.0526"
"Stephen Becker","28350.0","1","1.0526"
"Roger Larsen","28345.0","1","1.1111"
"Tommy Wise","28337.0","1","1.1111"
"Heather Shah","28332.0","1","0.9091"
"Amy Jackson","28326.0","1","0.8333"
"Mark Rivas","28319.0","1","1.0526"
"Emily Mills","28304.0","1","1.0526"
"Bryan Gonzalez","28254.0","1","1.0526"
"James Taylor","28115.0","1","1.1111"
"Kristin Stewart","28098.0","1","0.9091"
"Alexander Underwood","28088.0","1","0.9091"
"Michael Wright","28078.0","1","0.9091"
"Kirsten Dillon","28072.0","1","1.0526"
"Robert Petersen","28043.0","1","0.9091"
"Darin Smith","28042.0","1","0.9091"
"Patricia Cowan","27950.0","1","1.0526"
"Scott Bowers","27940.0","1","1.1111"
"Mary Steele","27927.0","1","0.8333"
"Kimberly Sutton","27895.0","1","0.9091"
"Sara Chapman","27880.0","1","0.9091"
"Tammy Ford","27833.0","1","0.9091"
"Charles Roberson","27787.0","1","0.8333"
"Stephen Rodriguez","27781.0","1","0.9091"
"Ethan Lewis","27570.0","1","0.9091"
"Audrey Neal","27518.0","1","0.9091"
"Wesley Rodriguez","27514.0","1","0.9091"
"Michael Gray","27443.0","1","0.9091"
"Timothy Bradley","27380.0","1","1.1111"
"Vanessa Wood","27371.0","1","0.8333"
"Jessica Turner","27260.0","1","0.8333"
"Richard Thomas","27251.0","1","1.1111"
"Steven Lewis","27219.0","1","0.8333"
"Courtney Day","27188.0","1","1.1111"
"Kara Martin","27122.0","1","1.0526"
"Holly Jones","27023.0","1","0.9091"
"Dylan Warren","26976.0","1","0.9091"
"William Allen","26954.0","1","0.8333"
"Ronald Owens","26875.0","1","0.9091"
"Jeffrey Simpson","26804.0","1","1.1111"
"Jordan Guzman","26712.0","1","0.8333"
"Michael Perkins","26663.0","1","0.9091"
"Melissa Ramos","26648.0","1","0.9091"
"Dawn Rogers","26634.0","1","1.0526"
"Mark Phillips","26612.0","1","1.1111"
"Dana Sharp","26575.0","1","0.9091"
"Stephanie Savage","26564.0","1","1.0526"
"Lucas Dunn","26559.0","1","0.9091"
"Phillip Adkins","26479.0","1","1.0526"
"Deborah Lopez","26394.0","1","0.9091"
"Carolyn Rhodes","26352.0","1","0.9091"
"Jennifer Jones","26345.0","1","0.9091"
"Larry Dunn","26268.0","1","0.8333"
"Joseph Ross","26182.0","1","0.9091"
"Nancy Evans","26167.0","1","0.9091"
"James Campbell","26054.0","1","1.0526"
"Alyssa Craig","25965.0","1","1.1111"
"Felicia Wallace","25953.0","1","0.8333"
"Emily Alexander","25909.0","1","0.8333"
"David Anderson","25748.0","1","0.9091"
"Sarah Martin","25685.0","1","0.9091"
"Johnny Kim","25684.0","1","1.0526"
"Tracy Bond","25665.0","1","0.9091"
"Cameron Garcia","25596.0","1","0.9091"
"Noah Davis","25578.0","1","0.8333"
"Christina Blankenship","25573.0","1","0.9091"
"Julie Ferguson","25559.0","1","0.9091"
"Alan Sloan","25507.0","1","1.0526"
"Dawn Bryant","25494.0","1","0.9091"
"Amy Davis","25492.0","1","0.9091"
"Jennifer Taylor","25411.0","1","0.9091"
"Courtney Doyle","25321.0","1","1.0526"
"Michael Gibson","25257.0","1","0.9091"
"Christopher Ramirez","25162.0","1","1.1111"
"Thomas Houston","25111.0","1","0.8333"
"Eric Williams","24977.0","1","1.1111"
"Justin Coffey","24965.0","1","0.9091"
"John Lindsey","24941.0","1","1.1111"
"Megan Reese","24924.0","1","0.9091"
"Mrs. Hayley Hunter MD","24713.0","1","0.9091"
"Chase Melendez","24712.0","1","1.0526"
"Mary Jones","24617.0","1","0.8333"
"Robin Coleman","24534.0","1","0.9091"
"Kelly Parker","24517.0","1","0.9091"
"Robert Brown","24407.0","1","0.9091"
"Lauren Brown","24350.0","1","0.8333"
"Jason Sanders","24284.0","1","0.8333"
"Emily Singleton","24265.0","1","1.0526"
"Debra Nichols","24252.0","1","1.0526"
"George White","24090.0","1","0.9091"
"Brittany Bradford","24056.0","1","0.9091"
"Gary Foster","24007.0","1","1.0526"
"Allison Bennett","23935.0","1","0.8333"
"Darren Lowe","23908.0","1","0.9091"
"John Smith","23815.0","1","0.9091"
"Brianna Alexander","23785.0","1","0.9091"
"Michelle Bowman","23783.0","1","0.8333"
"Thomas Collins","23684.0","1","1.1111"
"Catherine Henry","23680.0","1","1.1111"
"Julia Rivera MD","23635.0","1","1.0526"
"Elizabeth Branch","23543.0","1","0.9091"
"Jose Dunn","23476.0","1","1.0526"
"Jenny Cook","23360.0","1","0.9091"
"Luis George","23292.0","1","0.8333"
"Michael Gonzalez","23249.0","1","0.9091"
"Ashlee Macdonald","23247.0","1","1.0526"
"Patrick Miller","23237.0","1","0.9091"
"Todd Roberts","23173.0","1","1.1111"
"Felicia Jones","23153.0","1","1.0526"
"Julie Fisher","23054.0","1","1.1111"
"Brandon Williams","22974.0","1","0.9091"
"Miguel Shah","22964.0","1","1.0526"
"Donald Kennedy","22950.0","1","0.9091"
"Jason Caldwell","22945.0","1","0.9091"
"Lisa Johnson","22920.0","1","0.9091"
"Lisa Hunter","22868.0","1","0.9091"
"Robert Hale","22865.0","1","0.9091"
"Anna Jordan","22835.0","1","0.9091"
"John Thompson","22816.0","1","1.0526"
"Catherine Li","22796.0","1","0.9091"
"Judy Alvarado","22742.0","1","0.8333"
"Patrick Martinez","22730.0","1","0.9091"
"Nathan Contreras","22714.0","1","1.0526"
"Scott Fowler","22700.0","1","0.9091"
"Dr. Alexis Cochran","22675.0","1","1.1111"
"Rachel Weaver","22662.0","1","1.1111"
"Daniel Phillips","22592.0","1","0.8333"
"Amy Anderson","22584.0","1","1.0526"
"Joseph Blair","22547.0","1","0.9091"
"Ronald Lopez","22509.0","1","1.1111"
"Kristina Shepard","22505.0","1","1.0526"
"Aaron Douglas","22379.0","1","1.0526"
"Matthew Nolan","22319.0","1","0.8333"
"Janet Bates","22277.0","1","0.9091"
"Lisa Cisneros","22233.0","1","0.9091"
"Nicholas Carey","22164.0","1","1.1111"
"Daniel Adkins","22125.0","1","1.1111"
"Jorge Garcia","22108.0","1","0.8333"
"Erin Molina","22075.0","1","0.9091"
"Donna Lucas","22000.0","1","1.0526"
"Nicole Russell","21947.0","1","0.9091"
"Steven Bray","21911.0","1","1.1111"
"David Walker","21861.0","1","1.0526"
"Kayla Meyer","21856.0","1","0.9091"
"Hayden Rodriguez","21818.0","1","0.9091"
"Elizabeth Melendez","21795.0","1","1.0526"
"Lauren Jones","21763.0","1","0.9091"
"Sarah Hammond","21685.0","1","0.9091"
"Robert Kelley","21681.0","1","0.9091"
"Deanna Becker","21572.0","1","1.0526"
"Daniel Collins","21517.0","1","0.9091"
"Katherine Glover","21505.0","1","0.9091"
"Robert Gordon","21278.0","1","0.9091"
"Ronald Caldwell","21269.0","1","0.9091"
"Patricia Norris","21201.0","1","0.8333"
"Danny Pennington","21160.0","1","0.9091"
"Eric Lee","21133.0","1","1.1111"
"Virginia Phillips","21123.0","1","1.1111"
"Briana Henry","21030.0","1","0.8333"
"Christopher Taylor","21024.0","1","0.9091"
"Hannah Lynch","20986.0","1","1.0526"
"Mr. Kevin Larson","20979.0","1","0.9091"
"Timothy Villanueva","20937.0","1","0.9091"
"David Castro","20916.0","1","1.0526"
"Mr. Kevin Duffy","20905.0","1","0.9091"
"Sarah Anderson","20868.0","1","0.9091"
"Raymond Perez","20706.0","1","0.9091"
"Savannah Brown","20696.0","1","0.8333"
"Maria Sullivan","20390.0","1","0.8333"
"Brian Dennis","20215.0","1","0.9091"
"Carlos Sawyer","20214.0","1","0.9091"
"Paul Sullivan","20149.0","1","0.9091"
"Miss Amy Perry","20074.0","1","0.8333"
"Brittany Williams","19968.0","1","0.9091"
"Tiffany Lane","19965.0","1","0.8333"
"Allison Barker","19924.0","1","1.0526"
"Amy Cruz","19837.0","1","0.9091"
"Paige Davis","19800.0","1","0.9091"
"Mrs. Hailey Johnson DDS","19770.0","1","0.8333"
"Elizabeth Lopez","19752.0","1","0.9091"
"Michael Jones","19740.0","1","0.9091"
"Cassandra Allen","19627.0","1","1.1111"
"Tamara Ryan","19598.0","1","0.9091"
"James Sexton","19413.0","1","1.0526"
"Matthew Thompson","19362.0","1","1.0526"
"Joshua Villa","19299.0","1","0.8333"
"Susan Arroyo","19258.0","1","0.8333"
"Stephen Schroeder","19247.0","1","0.9091"
"James Sanchez","19199.0","1","1.1111"
"Pamela Benson","19171.0","1","1.0526"
"Theresa Hansen","19170.0","1","0.9091"
"Jasmine Day","19153.0","1","0.9091"
"Mr. David Bennett","19148.0","1","1.0526"
"Hunter Nguyen","19148.0","1","0.8333"
"Wanda Salazar","19038.0","1","0.8333"
"Scott Chandler","18900.0","1","1.0526"
"Cassandra Marshall","18899.0","1","0.8333"
"Susan Ellison","18843.0","1","0.9091"
"Walter Maldonado","18807.0","1","0.9091"
"Jacob Salinas","18797.0","1","0.9091"
"Sierra Edwards","18788.0","1","0.9091"
"Lori Maldonado","18665.0","1","0.9091"
"Robert Johnson","18487.0","1","0.9091"
"Lisa Alvarado","18363.0","1","0.9091"
"Eugene Mccarthy MD","18265.0","1","1.1111"
"Teresa Waters","18211.0","1","0.9091"
"Sean Smith","18175.0","1","0.9091"
"James Goodman","18160.0","1","1.0526"
"Diane Beltran","18147.0","1","1.0526"
"Michael Pena","18094.0","1","1.0526"
"John Gates","17960.0","1","1.0526"
"Jessica Kelly","17927.0","1","0.8333"
"Jason Levy","17900.0","1","0.9091"
"Barbara Richard","17828.0","1","1.0526"
"Elizabeth Weber","17817.0","1","0.8333"
"Rhonda Williams","17762.0","1","1.0526"
"Jerry Fry","17741.0","1","0.8333"
"Andrew Lang","17664.0","1","1.1111"
"Amy Dickson","17663.0","1","1.0526"
"Robert Greer","17536.0","1","1.1111"
"Michael Lawson","17518.0","1","1.1111"
"Lauren Baker","17487.0","1","1.0526"
"Tracy Russell","17378.0","1","0.9091"
"Joyce Adams","17373.0","1","0.8333"
"Richard Lawson","17354.0","1","1.1111"
"Christopher Fischer","17302.0","1","1.1111"
"Rebecca Taylor","17227.0","1","0.9091"
"Samuel Lopez","17179.0","1","0.9091"
"Christy Morgan","17111.0","1","0.9091"
"Ashley Pittman","17065.0","1","1.0526"
"Rebecca Armstrong","16995.0","1","0.9091"
"Katelyn Smith","16952.0","1","1.1111"
"Alyssa Harvey","16796.0","1","0.9091"
"Rebecca Vargas","16791.0","1","0.9091"
"William Jones","16758.0","1","0.9091"
"Michael Gaines","16758.0","1","1.0526"
"William Parks","16660.0","1","0.9091"
"Cristina Stevens","16636.0","1","0.8333"
"Sharon Carter","16623.0","1","0.9091"
"Adam Brown","16585.0","1","1.0526"
"Laura Gregory","16582.0","1","1.0526"
"Maria Lewis","16546.0","1","1.0526"
"Matthew Richards","16542.0","1","1.0526"
"Alisha Johnson","16495.0","1","1.0526"
"Michael Clark","16306.0","1","0.9091"
"Michael Hernandez","16223.0","1","0.8333"
"Colin Lee","16223.0","1","1.0526"
"Jeffrey Lane","16211.0","1","1.1111"
"Kenneth Torres","16139.0","1","0.9091"
"Christine Willis","15965.0","1","0.9091"
"Mary Dorsey","15878.0","1","0.9091"
"William Baker","15841.0","1","1.1111"
"Jamie Martin","15799.0","1","0.8333"
"Julie Carpenter","15777.0","1","0.8333"
"Aaron Cline","15758.0","1","0.8333"
"Samuel Mullen","15706.0","1","1.1111"
"Charles Wagner","15607.0","1","1.1111"
"Anna Shepherd","15580.0","1","1.0526"
"Anne Coleman","15547.0","1","0.9091"
"Lori Smith","15537.0","1","0.8333"
"Andre Castillo","15529.0","1","0.9091"
"Benjamin Holloway","15499.0","1","0.8333"
"Susan Osborne","15485.0","1","1.0526"
"Melanie Mccoy DDS","15465.0","1","1.0526"
"Richard Gutierrez","15353.0","1","1.0526"
"Steve Ford","15335.0","1","0.9091"
"Ronnie Becker","15314.0","1","0.9091"
"Gregory Henry","15290.0","1","1.1111"
"John Newman","15266.0","1","0.9091"
"Monica Jones","15232.0","1","1.0526"
"Adam Shelton","15055.0","1","1.0526"
"Ms. Olivia Murray","15045.0","1","0.9091"
"Angela Nunez","15021.0","1","0.8333"
"Cory Mason","14925.0","1","1.1111"
"David Hall","14892.0","1","1.1111"
"Anna Odonnell","14853.0","1","0.9091"
"Michele Nguyen","14813.0","1","0.8333"
"Mary Garcia","14793.0","1","0.9091"
"Yvonne Rogers","14779.0","1","0.9091"
"John Sloan","14747.0","1","1.0526"
"Nathaniel Weiss","14728.0","1","1.1111"
"Yolanda Sims","14721.0","1","0.9091"
"John Cruz","14676.0","1","1.1111"
"Corey Miller","14645.0","1","0.9091"
"Austin Martin","14526.0","1","0.8333"
"Melissa Gonzalez","14519.0","1","1.1111"
"Amber Garcia","14269.0","1","0.8333"
"Jacqueline Greene","14261.0","1","0.8333"
"Caitlyn Smith","14169.0","1","0.9091"
"Daniel Bray","14108.0","1","1.1111"
"David Oconnor","14104.0","1","0.8333"
"Cindy Diaz","14086.0","1","1.1111"
"Shane Burke","14001.0","1","0.9091"
"Bryan Porter","13939.0","1","0.8333"
"Kimberly Miller","13928.0","1","0.9091"
"Kevin Campbell","13865.0","1","0.9091"
"Jesse Choi","13847.0","1","0.9091"
"Stephen Smith","13838.0","1","0.9091"
"Sheryl Ramos","13808.0","1","1.0526"
"Sandra Davis","13764.0","1","1.1111"
"David Hill","13672.0","1","1.0526"
"Dawn Torres","13669.0","1","0.9091"
"Michael Cisneros","13578.0","1","1.0526"
"Susan Brewer","13538.0","1","0.9091"
"Ryan Beck","13462.0","1","0.9091"
"Shannon Rodriguez","13450.0","1","0.8333"
"Victoria Powell","13438.0","1","0.9091"
"Kenneth Mack","13397.0","1","0.9091"
"Michael Sanchez","13345.0","1","1.1111"
"Andrew Simpson","13263.0","1","1.0526"
"James Sanders","13155.0","1","1.0526"
"James Edwards","13102.0","1","1.1111"
"Tammy Wolfe","13081.0","1","1.1111"
"Mathew Johnson","12997.0","1","0.9091"
"Kelly Green","12836.0","1","1.1111"
"Daniel Poole","12823.0","1","1.0526"
"Lori Russo","12807.0","1","0.8333"
"Jocelyn Adams","12763.0","1","0.9091"
"James Lee","12727.0","1","0.8333"
"John Orozco","12714.0","1","1.1111"
"Paul Garcia","12698.0","1","1.0526"
"Morgan Kelly","12594.0","1","0.9091"
"Jeremy Brandt","12572.0","1","1.1111"
"Jason Bradley","12514.0","1","1.0526"
"Luke Moore","12478.0","1","1.0526"
"Robert Clark","12451.0","1","1.1111"
"Susan Ali","12431.0","1","0.8333"
"Timothy Diaz","12327.0","1","0.8333"
"Michele Vance","12221.0","1","0.9091"
"Nicole Warner","12202.0","1","0.9091"
"Natasha Murray","12117.0","1","1.0526"
"Richard Johnson","11932.0","1","1.1111"
"Jeffrey Rivera","11906.0","1","1.0526"
"Karen Buchanan","11887.0","1","1.1111"
"Tracy Wagner","11807.0","1","1.0526"
"Michael Guzman","11786.0","1","1.0526"
"Angela Brown","11761.0","1","1.0526"
"Susan Donaldson","11743.0","1","1.0526"
"Matthew Thomas","11656.0","1","1.1111"
"Nicholas French","11577.0","1","0.8333"
"Jill Howard","11558.0","1","0.9091"
"Autumn Francis","11544.0","1","0.9091"
"Joseph Moore","11533.0","1","0.9091"
"Steven Decker","11515.0","1","0.8333"
"Tanya Thompson","11503.0","1","0.8333"
"Brian Henry","11455.0","1","0.9091"
"James Graham","11345.0","1","1.1111"
"Juan Webb","11345.0","1","1.0526"
"Thomas Camacho","11276.0","1","1.1111"
"John Anthony","11238.0","1","1.0526"
"Elizabeth Carrillo","11137.0","1","1.0526"
"Annette Fisher","11048.0","1","0.9091"
"Thomas Vega","10971.0","1","1.1111"
"Paige Myers","10918.0","1","1.1111"
"Sarah Davila","10882.0","1","0.9091"
"Jennifer Martinez","10837.0","1","1.0526"
"Erika Robinson","10749.0","1","0.9091"
"Jessica Vincent","10708.0","1","0.9091"
"Aaron Miles","10654.0","1","0.8333"
"John Davis","10545.0","1","1.0526"
"Brooke Russell","10434.0","1","1.0526"
"Brenda Martin","10346.0","1","1.1111"
"Richard Day","10342.0","1","0.8333"
"Melissa Spence","10298.0","1","0.9091"
"Mark Mckinney","10257.0","1","1.0526"
"Kelsey Phillips","10256.0","1","0.9091"
"Keith Burton","10189.0","1","1.0526"
"Rebecca Turner","10132.0","1","0.8333"
"Catherine Ochoa","10114.0","1","1.0526"
"Vincent Espinoza","10109.0","1","1.0526"
"Thomas Tran","10084.0","1","0.8333"
"Timothy Porter","9959.0","1","0.9091"
"Jessica Miller","9822.0","1","1.1111"
"Mindy Garcia","9819.0","1","0.9091"
"Kevin Gates","9800.0","1","1.0526"
"Jamie Fischer","9722.0","1","0.9091"
"Heidi Joseph","9657.0","1","0.9091"
"Jack Carpenter","9606.0","1","1.0526"
"Latoya Wright","9566.0","1","1.1111"
"Tiffany Brown","9455.0","1","0.9091"
"Joseph Brewer","9396.0","1","0.9091"
"Natalie Evans","9353.0","1","0.9091"
"Paul Schmidt","9255.0","1","1.0526"
"Mitchell Butler","9225.0","1","0.8333"
"Jill Mitchell","9190.0","1","1.1111"
"Renee Barton","9186.0","1","0.8333"
"Lauren Bryant","9172.0","1","0.8333"
"Joseph Marks","9133.0","1","1.1111"
"Mr. Todd Miller","9065.0","1","0.9091"
"Darrell Kelly","8953.0","1","1.0526"
"Danielle Thomas","8859.0","1","1.0526"
"Robin Owens","8798.0","1","1.0526"
"Renee Thompson","8780.0","1","0.9091"
"Mariah Mccoy","8744.0","1","1.1111"
"Kristy Taylor","8735.0","1","0.8333"
"Christina Montoya","8678.0","1","1.1111"
"Kevin Wilson","8649.0","1","0.9091"
"Robin Roth","8553.0","1","1.0526"
"Dr. Abigail Jackson","8379.0","1","0.8333"
"Joshua Ferguson","8357.0","1","0.8333"
"Paul Espinoza","8312.0","1","1.0526"
"Jeanette Vasquez","8234.0","1","0.9091"
"Austin Wright","8141.0","1","1.0526"
"Christopher Miranda","7865.0","1","0.8333"
"Miranda Jones","7855.0","1","1.0526"
"Alexander Moore","7812.0","1","1.1111"
"Emily Brown","7794.0","1","1.1111"
"Lisa Burgess","7773.0","1","0.9091"
"Suzanne Hernandez","7696.0","1","0.8333"
"Andrew Hernandez","7692.0","1","1.1111"
"Dwayne Johnson","7678.0","1","1.1111"
"Jessica Faulkner","7552.0","1","0.9091"
"Brian Coleman","7516.0","1","0.9091"
"Susan Mccoy","7513.0","1","0.9091"
"Michael Mclaughlin","7349.0","1","0.9091"
"Justin Li","7230.0","1","0.8333"
"Timothy Crosby","7222.0","1","1.1111"
"Richard Vasquez","7106.0","1","0.9091"
"Natalie Parks","7097.0","1","1.0526"
"Christina Miller","7096.0","1","0.9091"
"Lisa Gross","6993.0","1","1.1111"
"Brian Raymond","6810.0","1","1.1111"
"Amber Hill","6595.0","1","1.1111"
"Christina Mata","6514.0","1","0.9091"
"Wendy Finley","6484.0","1","1.0526"
"Jennifer Tucker","6442.0","1","0.9091"
"Laura Vance","6369.0","1","1.1111"
"Joshua Owens","6288.0","1","0.8333"
"Stephanie Gutierrez","6205.0","1","0.8333"
"Brian Young","6165.0","1","1.0526"
"Harold Sullivan","6130.0","1","1.1111"
"Joshua Hebert","6114.0","1","1.1111"
"Ryan Cardenas","6016.0","1","0.8333"
"Peter Barron","5976.0","1","1.0526"
"Christopher Huang","5964.0","1","0.9091"
"Patricia Robertson","5947.0","1","0.8333"
"Kevin Parker","5918.0","1","1.1111"
"Robin Benton","5856.0","1","0.8333"
"Jeffrey Bruce","5852.0","1","1.0526"
"Tammy Harper","5779.0","1","0.8333"
"Katherine Sexton","5766.0","1","0.8333"
"Anthony Mclean MD","5568.0","1","0.9091"
"Elizabeth Ray","5489.0","1","0.8333"
"Christopher Adams","5404.0","1","1.1111"
"Lori Jones MD","5308.0","1","0.9091"
"Timothy Sanchez","5212.0","1","1.1111"
"Isabella Alvarado","5211.0","1","0.8333"
"Jon Richardson","5128.0","1","1.0526"
"Erin Cline","5040.0","1","1.0526"
"Mr. Jacob Stokes DDS","5001.0","1","1.1111"
"Casey Coleman","4900.0","1","1.0526"
"Mr. Erik Bennett","4850.0","1","0.8333"
"Timothy Lewis","4842.0","1","1.0526"
"John Allen","4821.0","1","0.9091"
"Kara Dixon","4782.0","1","1.1111"
"Jeffrey Molina","4779.0","1","0.9091"
"Alejandro Bishop","4766.0","1","1.1111"
"Anthony Jenkins","4688.0","1","1.0526"
"Lori Bass","4688.0","1","0.9091"
"Antonio Murphy","4566.0","1","1.0526"
"Stephanie Boyd","4538.0","1","0.9091"
"Keith Payne","4294.0","1","1.0526"
"Susan Holloway","4285.0","1","0.9091"
"Amy Bentley","4193.0","1","1.0526"
"Bradley Dean","4175.0","1","0.8333"
"Dennis Simmons","4119.0","1","1.0526"
"Katherine Velazquez","4115.0","1","0.9091"
"Brenda Rice","4075.0","1","0.9091"
"Daniel Lee","4074.0","1","0.9091"
"James Lara","3961.0","1","0.8333"
"James Roberson","3950.0","1","0.8333"
"Curtis Khan","3858.0","1","1.0526"
"Sherry Higgins","3828.0","1","0.9091"
"John Ewing","3809.0","1","0.9091"
"Kathleen Jenkins DVM","3802.0","1","0.9091"
"Jessica Donovan","3801.0","1","0.9091"
"Elizabeth Collins","3760.0","1","0.9091"
"Robert Valencia","3737.0","1","1.0526"
"Jason Nelson","3735.0","1","0.9091"
"Catherine Porter","3721.0","1","0.9091"
"Jeffrey Woods","3690.0","1","0.9091"
"Jamie Jones","3639.0","1","1.1111"
"Mark Gilbert","3572.0","1","0.8333"
"David Ryan","3487.0","1","1.1111"
"Donna White","3436.0","1","0.9091"
"Jacqueline Jones","3422.0","1","0.9091"
"Katherine Smith","3360.0","1","0.9091"
"Donna Gardner","3341.0","1","0.9091"
"Joshua Black","3153.0","1","0.9091"
"Cameron Hunter","3098.0","1","1.0526"
"Nicholas Caldwell","3089.0","1","0.9091"
"Michelle Ellis","3071.0","1","1.0526"
"Susan Owens","2979.0","1","0.9091"
"Paul Gray","2969.0","1","0.8333"
"David Lee","2928.0","1","0.8333"
"Brian Dodson","2858.0","1","0.8333"
"Cody Robbins","2719.0","1","0.9091"
"Trevor Keith","2668.0","1","0.9091"
"Lisa Wallace","2658.0","1","0.9091"
"Amanda Underwood","2653.0","1","0.9091"
"Ms. Jamie Nunez DVM","2564.0","1","0.8333"
"Philip Bennett","2350.0","1","0.9091"
"Kerry Oneill","2347.0","1","1.1111"
"Cheryl Morris","2237.0","1","0.8333"
"Leslie Chapman","2187.0","1","1.0526"
"Alexis Luna","2138.0","1","0.9091"
"Spencer Bird","2052.0","1","0.9091"
"Amy Garcia","1972.0","1","1.1111"
"Zachary Miller","1848.0","1","1.0526"
"Randy Dunn","1820.0","1","0.9091"
"John Weaver","1790.0","1","0.9091"
"Karen Kent","1788.0","1","0.9091"
"Keith Davis","1777.0","1","0.9091"
"Candace Bowen","1770.0","1","0.9091"
"Sabrina Campbell","1699.0","1","0.9091"
"Lorraine Gibson","1598.0","1","0.8333"
"Mrs. Tammy Ferguson","1592.0","1","1.1111"
"Laurie Gonzalez","1534.0","1","0.9091"
"Anthony Bell","1522.0","1","0.8333"
"Tammy Nguyen","1499.0","1","0.9091"
"Dr. Sara Wilson","1492.0","1","0.9091"
"Elizabeth Adams","1486.0","1","1.1111"
"Alicia Flynn","1411.0","1","0.8333"
"Danielle Chen","1367.0","1","1.1111"
"Dr. Laura Shaffer","1329.0","1","0.9091"
"Alicia Lambert","1303.0","1","1.1111"
"Lauren Johnson","1301.0","1","1.0526"
"Douglas Holloway","1292.0","1","0.8333"
"Sabrina Villa","1233.0","1","1.0526"
"Sherry Adams","1231.0","1","0.9091"
"Rachel Chavez","1117.0","1","1.1111"
"Laura Brown","1053.0","1","0.9091"
